{"global_min": 0.20730515284663642, "mean": [0.25527115298761716, 0.23086228823515592, 0.22628401160741562, 0.2260954645315915, 0.22576128139758925, 0.2255213350877605, 0.22469846272233843, 0.22310336826523183, 0.22194643024977095, 0.22155209532648795, 0.22061739291336732, 0.22053177647501115, 0.21977710355036537, 0.2193999947132217, 0.2193999947132217, 0.21907440259404592, 0.21872315491435418, 0.21871482823844546, 0.21871482823844546, 0.21790890293474946, 0.21773744977560563, 0.21773744977560563, 0.21766863354402127, 0.21766863354402127, 0.2174116080030076, 0.2174116080030076, 0.2174116080030076, 0.21738580558753734, 0.21716298256537986, 0.21716298256537986, 0.2170945334711812, 0.21705175462299398, 0.21705175462299398, 0.21698307056086846, 0.21667474858431826, 0.21667474858431826, 0.21658042364717214, 0.21658042364717214, 0.21658042364717214, 0.2163572628586198, 0.2163572628586198, 0.2163227960008459, 0.2163227960008459, 0.2163227960008459, 0.2163227960008459, 0.2163227960008459, 0.21606581451631857, 0.21606581451631857, 0.21606581451631857, 0.21606581451631857, 0.21606581451631857, 0.21574894558142818, 0.21574894558142818, 0.21574894558142818, 0.21574894558142818, 0.21565489966869525, 0.215286587443314, 0.21523504135435512, 0.21523504135435512, 0.21523504135435512, 0.21523504135435512, 0.21523504135435512, 0.21523504135435512, 0.21523504135435512, 0.21514948365798073, 0.21514948365798073, 0.21514948365798073, 0.21514948365798073, 0.21514948365798073, 0.21514948365798073, 0.21514948365798073, 0.21514948365798073, 0.21514948365798073, 0.21514948365798073, 0.21514948365798073, 0.2150895521511314, 0.2150895521511314, 0.2150895521511314, 0.21506370567917482, 0.21506370567917482, 0.21492661657933695, 0.21492661657933695, 0.21492661657933695, 0.21479801569585755, 0.21479801569585755, 0.21479801569585755, 0.2146865087290585, 0.2146865087290585, 0.2146865087290585, 0.2146865087290585, 0.2146865087290585, 0.2146865087290585, 0.21468639124509506, 0.21468639124509506, 0.21468628844662704, 0.21468628844662704, 0.2146690917314787, 0.2146690917314787, 0.2145232500763646, 0.2145232500763646], "std": [0.030291175889651224, 0.013641914059435324, 0.007982901619222224, 0.007970757760796258, 0.008268848118227066, 0.008271643135212196, 0.008413633601999348, 0.006796439291523445, 0.006047622154508741, 0.005959596131490781, 0.005091037598108357, 0.0050861723572422435, 0.005366564245444557, 0.0052253034274784204, 0.0052253034274784204, 0.005222102632668901, 0.005186966354403407, 0.005179449463373563, 0.005179449463373563, 0.0034518593773184077, 0.003445964039428651, 0.003445964039428651, 0.0033528165995759442, 0.0033528165995759442, 0.0031487580707654545, 0.0031487580707654545, 0.0031487580707654545, 0.0031566809729942935, 0.003028437538992874, 0.003028437538992874, 0.003037738943370014, 0.003061763302212122, 0.003061763302212122, 0.0030643701233231376, 0.0027897118529640287, 0.0027897118529640287, 0.00251961366180177, 0.00251961366180177, 0.00251961366180177, 0.0026205724821546663, 0.0026205724821546663, 0.0025333815958680475, 0.0025333815958680475, 0.0025333815958680475, 0.0025333815958680475, 0.0025333815958680475, 0.002280171828855825, 0.002280171828855825, 0.002280171828855825, 0.002280171828855825, 0.002280171828855825, 0.002443724182861521, 0.002443724182861521, 0.002443724182861521, 0.002443724182861521, 0.002581992320302978, 0.0026612420197765912, 0.002526455310938057, 0.002526455310938057, 0.002526455310938057, 0.002526455310938057, 0.002526455310938057, 0.002526455310938057, 0.002526455310938057, 0.0023360170049533616, 0.0023360170049533616, 0.0023360170049533616, 0.0023360170049533616, 0.0023360170049533616, 0.0023360170049533616, 0.0023360170049533616, 0.0023360170049533616, 0.0023360170049533616, 0.0023360170049533616, 0.0023360170049533616, 0.00223220013832809, 0.00223220013832809, 0.00223220013832809, 0.002221379632810563, 0.002221379632810563, 0.0024827185812361253, 0.0024827185812361253, 0.0024827185812361253, 0.0024700307782972476, 0.0024700307782972476, 0.0024700307782972476, 0.002460728662573064, 0.002460728662573064, 0.002460728662573064, 0.002460728662573064, 0.002460728662573064, 0.002460728662573064, 0.002460651643210891, 0.002460651643210891, 0.0024606068546014956, 0.0024606068546014956, 0.0024505213951555396, 0.0024505213951555396, 0.002439962339991558, 0.002439962339991558], "q10": [0.2240929063182876, 0.21839555088230464, 0.21781473953805314, 0.21781473953805314, 0.2166312942033412, 0.2166312942033412, 0.21616922977513572, 0.2158570455132875, 0.2158570455132875, 0.2158570455132875, 0.2158570455132875, 0.2158570455132875, 0.21534590215935517, 0.21534590215935517, 0.21534590215935517, 0.21534590215935517, 0.21534590215935517, 0.21534590215935517, 0.21534590215935517, 0.21534590215935517, 0.21534590215935517, 0.21534590215935517, 0.21534590215935517, 0.21534590215935517, 0.21534590215935517, 0.21534590215935517, 0.21534590215935517, 0.21534590215935517, 0.21534590215935517, 0.21534590215935517, 0.21534590215935517, 0.21472708475293117, 0.21472708475293117, 0.21472708475293117, 0.21472708475293117, 0.21472708475293117, 0.21472708475293117, 0.21472708475293117, 0.21472708475293117, 0.2130300289010551, 0.2130300289010551, 0.2130300289010551, 0.2130300289010551, 0.2130300289010551, 0.2130300289010551, 0.2130300289010551, 0.2130300289010551, 0.2130300289010551, 0.2130300289010551, 0.2130300289010551, 0.2130300289010551, 0.2130300289010551, 0.2130300289010551, 0.2130300289010551, 0.2130300289010551, 0.21202095913907754, 0.21125173288846066, 0.21125173288846066, 0.21125173288846066, 0.21125173288846066, 0.21125173288846066, 0.21125173288846066, 0.21125173288846066, 0.21125173288846066, 0.21125173288846066, 0.21125173288846066, 0.21125173288846066, 0.21125173288846066, 0.21125173288846066, 0.21125173288846066, 0.21125173288846066, 0.21125173288846066, 0.21125173288846066, 0.21125173288846066, 0.21125173288846066, 0.21125173288846066, 0.21125173288846066, 0.21125173288846066, 0.21125173288846066, 0.21125173288846066, 0.21125091050071662, 0.21125091050071662, 0.21125091050071662, 0.21125091050071662, 0.21125091050071662, 0.21125091050071662, 0.21125091050071662, 0.21125091050071662, 0.21125091050071662, 0.21125091050071662, 0.21125091050071662, 0.21125091050071662, 0.21125091050071662, 0.21125091050071662, 0.21125091050071662, 0.21125091050071662, 0.21125091050071662, 0.21125091050071662, 0.21125091050071662, 0.21125091050071662],