{"global_min": 0.1446153846153846, "mean": [0.3223653846153846, 0.27342307692307694, 0.25298076923076923, 0.22967307692307695, 0.21230769230769236, 0.20992307692307693, 0.19198076923076926, 0.1799615384615385, 0.1799615384615385, 0.16836538461538464, 0.1681346153846154, 0.16571153846153847, 0.1647692307692308, 0.1630769230769231, 0.16192307692307695, 0.16192307692307695, 0.16059615384615386, 0.16059615384615386, 0.16051923076923078, 0.15880769230769234, 0.15794230769230772, 0.15715384615384612, 0.15667307692307691, 0.15517307692307689, 0.15465384615384611, 0.15444230769230766, 0.1532692307692307, 0.15263461538461534, 0.15207692307692305, 0.15207692307692305, 0.1519230769230769, 0.15142307692307694, 0.15142307692307694, 0.15130769230769228, 0.15130769230769228, 0.15130769230769228, 0.15075, 0.15040384615384617, 0.15040384615384617, 0.1503653846153846, 0.15034615384615385, 0.15034615384615385, 0.15034615384615385, 0.15034615384615385, 0.15034615384615385, 0.15034615384615385, 0.15021153846153842, 0.15021153846153842, 0.15021153846153842, 0.15021153846153842, 0.15021153846153842, 0.15021153846153842, 0.15021153846153842, 0.15021153846153842, 0.15021153846153842, 0.15021153846153842, 0.15021153846153842, 0.15021153846153842, 0.1500576923076923, 0.1500576923076923, 0.1500576923076923, 0.1500576923076923, 0.1500576923076923, 0.1500576923076923, 0.15001923076923074, 0.15001923076923074, 0.15001923076923074, 0.14982692307692305, 0.14982692307692305, 0.14982692307692305, 0.14982692307692305, 0.1498076923076923, 0.1498076923076923, 0.1498076923076923, 0.1498076923076923, 0.1498076923076923, 0.1496730769230769, 0.1496730769230769, 0.1496730769230769, 0.1496730769230769, 0.1496730769230769, 0.1496730769230769, 0.1496730769230769, 0.1495576923076923, 0.1495576923076923, 0.1495576923076923, 0.1495576923076923, 0.14953846153846154, 0.14953846153846154, 0.14953846153846154, 0.14953846153846154, 0.14953846153846154, 0.14953846153846154, 0.14953846153846154, 0.14953846153846154, 0.14953846153846154, 0.14953846153846154, 0.14953846153846154, 0.14953846153846154, 0.14948076923076922], "std": [0.11331911564845754, 0.10809488807134521, 0.10265715140687244, 0.1066963981567912, 0.0964574962509185, 0.0915156301265458, 0.0710421242389414, 0.05015576795205282, 0.05015576795205282, 0.02223318389026806, 0.022352417471083984, 0.01633800701960865, 0.015821430341484678, 0.013144028819798623, 0.013618803751936501, 0.013618803751936501, 0.013433733574762782, 0.013433733574762782, 0.013367383271758999, 0.009249222445792968, 0.0097351048893414, 0.008327424459664784, 0.008599605091133571, 0.007201416648410539, 0.007115959053297654, 0.006798788752108381, 0.0056326615700309475, 0.0045717829129810475, 0.0030905568391202476, 0.0030905568391202476, 0.003154389209689179, 0.0031123967278395984, 0.0031123967278395984, 0.0030448735705655445, 0.0030448735705655445, 0.0030448735705655445, 0.0020560315292646714, 0.0023160274572657973, 0.0023160274572657973, 0.002295768791590511, 0.0022802006173109606, 0.0022802006173109606, 0.0022802006173109606, 0.0022802006173109606, 0.0022802006173109606, 0.0022802006173109606, 0.002198761719405512, 0.002198761719405512, 0.002198761719405512, 0.002198761719405512, 0.002198761719405512, 0.002198761719405512, 0.002198761719405512, 0.002198761719405512, 0.002198761719405512, 0.002198761719405512, 0.002198761719405512, 0.002198761719405512, 0.002151513340491583, 0.002151513340491583, 0.002151513340491583, 0.002151513340491583, 0.002151513340491583, 0.002151513340491583, 0.0021157526363712775, 0.0021157526363712775, 0.0021157526363712775, 0.002216395827470774, 0.002216395827470774, 0.002216395827470774, 0.002216395827470774, 0.0021988502417285317, 0.0021988502417285317, 0.0021988502417285317, 0.0021988502417285317, 0.0021988502417285317, 0.0021442636750620336, 0.0021442636750620336, 0.0021442636750620336, 0.0021442636750620336, 0.0021442636750620336, 0.0021442636750620336, 0.0021442636750620336, 0.002229704478549338, 0.002229704478549338, 0.002229704478549338, 0.002229704478549338, 0.0022097995275680094, 0.0022097995275680094, 0.0022097995275680094, 0.0022097995275680094, 0.0022097995275680094, 0.0022097995275680094, 0.0022097995275680094, 0.0022097995275680094, 0.0022097995275680094, 0.0022097995275680094, 0.0022097995275680094, 0.0022097995275680094, 0.0021478915664557845], "q10": [0.1641153846153847, 0.16219230769230764, 0.16100000000000006, 0.15680769230769231, 0.15561538461538452, 0.15561538461538452, 0.15403846153846149, 0.15300000000000002, 0.15300000000000002, 0.15230769230769226, 0.15230769230769226, 0.15230769230769226, 0.15230769230769226, 0.1522692307692307, 0.1518076923076923, 0.1518076923076923, 0.15146153846153843, 0.15146153846153843, 0.15146153846153843, 0.15146153846153843, 0.15026923076923074, 0.15026923076923074, 0.14907692307692313, 0.14769230769230768, 0.14769230769230768, 0.14769230769230768, 0.14769230769230768, 0.14769230769230768, 0.14769230769230768, 0.14769230769230768, 0.14769230769230768, 0.14769230769230768, 0.14769230769230768, 0.14769230769230768, 0.14769230769230768, 0.14769230769230768, 0.14769230769230768, 0.14692307692307693, 0.14692307692307693, 0.14692307692307693, 0.14692307692307693, 0.14692307692307693, 0.14692307692307693, 0.14692307692307693, 0.14692307692307693, 0.14692307692307693, 0.14692307692307693, 0.14692307692307693, 0.14692307692307693, 0.14692307692307693, 0.14692307692307693, 0.14692307692307693, 0.14692307692307693, 0.14692307692307693, 0.14692307692307693, 0.14692307692307693, 0.14692307692307693, 0.14692307692307693, 0.14692307692307693, 0.14692307692307693, 0.14692307692307693, 0.14692307692307693, 0.14692307692307693, 0.14692307692307693, 0.14692307692307693, 0.14692307692307693, 0.14692307692307693, 0.14692307692307693, 0.14692307692307693, 0.14692307692307693, 0.14692307692307693, 0.14692307692307693, 0.14692307692307693, 0.14692307692307693, 0.14692307692307693, 0.14692307692307693, 0.14692307692307693, 0.14692307692307693, 0.14692307692307693, 0.14692307692307693, 0.14692307692307693, 0.14692307692307693, 0.14692307692307693, 0.14692307692307693, 0.14692307692307693, 0.14692307692307693, 0.14692307692307693, 0.14692307692307693, 0.14692307692307693, 0.14692307692307693, 0.14692307692307693, 0.14692307692307693, 0.14692307692307693, 0.14692307692307693, 0.14692307692307693, 0.14692307692307693, 0.14692307692307693, 0.14692307692307693, 0.14692307692307693, 0.14692307692307693],