{"global_min": 0.20730515284663642, "mean": [0.26966608120491553, 0.24374872236189762, 0.2373193096642309, 0.2342587643036726, 0.22939793874386152, 0.22914922519326114, 0.2242881352945323, 0.22186170962663593, 0.22181894546394415, 0.2190497162762283, 0.2190497162762283, 0.2190497162762283, 0.2185524213444865, 0.2185524213444865, 0.21829520489203227, 0.21829520489203227, 0.2180640405084706, 0.2178840403909866, 0.21762680925303696, 0.21746399116520596, 0.21730118776287038, 0.21700111903475175, 0.21616909760567685, 0.21616909760567685, 0.21580927359665406, 0.2153030498836909, 0.2152170809934444, 0.2150971739232595, 0.21495109730021852, 0.21483119023003358, 0.21472827427806102, 0.2146768016165793, 0.2146768016165793, 0.2145226920275382, 0.2145226920275382, 0.2145226920275382, 0.21393098404567779, 0.21393098404567779, 0.21393098404567779, 0.21393098404567779, 0.213836908761954, 0.213836908761954, 0.213836908761954, 0.21367407598862753, 0.21367407598862753, 0.21367407598862753, 0.21367407598862753, 0.21367407598862753, 0.21367407598862753, 0.21367366479475552, 0.21367366479475552, 0.21367366479475552, 0.21367366479475552, 0.21367350325430579, 0.21367350325430579, 0.21367350325430579, 0.21367350325430579, 0.21352763222820084, 0.21352763222820084, 0.21352763222820084, 0.21352763222820084, 0.21337353732465525, 0.21337353732465525, 0.21281628151507323, 0.21281628151507323, 0.21281628151507323, 0.21281628151507323, 0.21281628151507323, 0.21281628151507323, 0.21281628151507323, 0.21274734779952542, 0.21274734779952542, 0.21266136422378343, 0.21263625202659836, 0.21263625202659836, 0.21263625202659836, 0.21263625202659836, 0.21261047898211896, 0.21237085575318967, 0.21237085575318967, 0.21237085575318967, 0.21192497474094787, 0.21192497474094787, 0.21189924575295477, 0.21189924575295477, 0.21189924575295477, 0.2118649404356306, 0.2118649404356306, 0.2118649404356306, 0.21177926525529264, 0.21177926525529264, 0.21177926525529264, 0.21177926525529264, 0.21177926525529264, 0.21177926525529264, 0.21177926525529264, 0.21169344322000047, 0.2116933110505416, 0.21153881963861929, 0.21153881963861929], "std": [0.05900261690102653, 0.024723731779893714, 0.02200976330328012, 0.02264982678004407, 0.021509376703160776, 0.021046562058971832, 0.01623492612671776, 0.01192709809224108, 0.011937359979773, 0.006466009534524963, 0.006466009534524963, 0.006466009534524963, 0.005907707309919727, 0.005907707309919727, 0.005389342285665231, 0.005389342285665231, 0.005162064966401003, 0.005135086814612389, 0.004903444281745758, 0.004904836907943575, 0.004882433470255634, 0.004658514680655018, 0.003548524554620687, 0.003548524554620687, 0.0030037221838291658, 0.003178215109499004, 0.003180123351511228, 0.003013424415167637, 0.0030603567678625715, 0.003033793898858126, 0.0027954227628127046, 0.0027354349092421583, 0.0027354349092421583, 0.0028633672681240814, 0.0028633672681240814, 0.0028633672681240814, 0.002964680108647245, 0.002964680108647245, 0.002964680108647245, 0.002964680108647245, 0.003081894044768893, 0.003081894044768893, 0.003081894044768893, 0.0030829980929375366, 0.0030829980929375366, 0.0030829980929375366, 0.0030829980929375366, 0.0030829980929375366, 0.0030829980929375366, 0.003083338705946553, 0.003083338705946553, 0.003083338705946553, 0.003083338705946553, 0.0030831983041829524, 0.0030831983041829524, 0.0030831983041829524, 0.0030831983041829524, 0.003226864118930394, 0.003226864118930394, 0.003226864118930394, 0.003226864118930394, 0.0033607983953754315, 0.0033607983953754315, 0.0031596761682093693, 0.0031596761682093693, 0.0031596761682093693, 0.0031596761682093693, 0.0031596761682093693, 0.0031596761682093693, 0.0031596761682093693, 0.003165270316567146, 0.003165270316567146, 0.0031823342944403196, 0.0031960636528408502, 0.0031960636528408502, 0.0031960636528408502, 0.0031960636528408502, 0.003167583678136246, 0.003074046906452737, 0.003074046906452737, 0.003074046906452737, 0.002471998229494385, 0.002471998229494385, 0.0024481754021703907, 0.0024481754021703907, 0.0024481754021703907, 0.0024245555170454387, 0.0024245555170454387, 0.0024245555170454387, 0.002315988764297943, 0.002315988764297943, 0.002315988764297943, 0.002315988764297943, 0.002315988764297943, 0.002315988764297943, 0.002315988764297943, 0.002191270449111227, 0.002191298927545386, 0.0021024955150333166, 0.0021024955150333166], "q10": [0.21827468925491683, 0.21670013980591646, 0.21670013980591646, 0.21632542470452779, 0.21272295519161633, 0.21272295519161633, 0.21203502784369938, 0.21203502784369938, 0.21203502784369938, 0.21203502784369938, 0.21203502784369938, 0.21203502784369938, 0.21203502784369938, 0.21203502784369938, 0.21203502784369938, 0.21203502784369938, 0.21203502784369938, 0.21203502784369938, 0.21203502784369938, 0.21203502784369938, 0.21203502784369938, 0.21203502784369938, 0.21201805141098243, 0.21201805141098243, 0.21201805141098243, 0.21125117483963435, 0.21125117483963435, 0.21125117483963435, 0.21125117483963435, 0.21125117483963435, 0.21125117483963435, 0.21125117483963435, 0.21125117483963435, 0.21125117483963435, 0.21125117483963435, 0.21125117483963435, 0.2110405260931883, 0.2110405260931883, 0.2110405260931883, 0.2110405260931883, 0.2093471709861605, 0.2093471709861605, 0.2093471709861605, 0.2093471709861605, 0.2093471709861605, 0.2093471709861605, 0.2093471709861605, 0.2093471709861605, 0.2093471709861605, 0.2093471709861605, 0.2093471709861605, 0.2093471709861605, 0.2093471709861605, 0.2093471709861605, 0.2093471709861605, 0.2093471709861605, 0.2093471709861605, 0.20918988933010652, 0.20918988933010652, 0.20918988933010652, 0.20918988933010652, 0.20918988933010652, 0.20918988933010652, 0.20918988933010652, 0.20918988933010652, 0.20918988933010652, 0.20918988933010652, 0.20918988933010652, 0.20918988933010652, 0.20918988933010652, 0.20918988933010652, 0.20918988933010652, 0.20918988933010652, 0.20918988933010652, 0.20918988933010652, 0.20918988933010652, 0.20918988933010652, 0.20918988933010652, 0.20918988933010652, 0.20918988933010652, 0.20918988933010652, 0.20918988933010652, 0.20918988933010652, 0.20918988933010652, 0.20918988933010652, 0.20918988933010652, 0.20918988933010652, 0.20918988933010652, 0.20918988933010652, 0.20918988933010652, 0.20918988933010652, 0.20918988933010652, 0.20918988933010652, 0.20918988933010652, 0.20918988933010652, 0.20918988933010652, 0.20918988933010652, 0.20918988933010652, 0.20918988933010652, 0.20918988933010652],