{"global_min": 0.12638784352973287, "mean": [0.2957744637435916, 0.2455372205324636, 0.22398274648786237, 0.20368480811067355, 0.1877490694291307, 0.1832810532344089, 0.16532020109535078, 0.15506811669758552, 0.15423524513450002, 0.1457584326338118, 0.1457584326338118, 0.14324895927632308, 0.14282328295437954, 0.14244297389890775, 0.13949348609032866, 0.13949348609032866, 0.13927399854765693, 0.13912880757999457, 0.13906359802523408, 0.13865328661264278, 0.13774237627887992, 0.13683043326408878, 0.13627318917820702, 0.1359199701460338, 0.13518887732056034, 0.13488930503269084, 0.1345072717148182, 0.1336168797579705, 0.1333471312223992, 0.13279242184236728, 0.13204622006499006, 0.13203004276788, 0.13194991360602842, 0.13178956254188295, 0.13151915520042975, 0.13151915520042975, 0.1313922135889975, 0.1313922135889975, 0.1313922135889975, 0.13120173544804012, 0.13120173544804012, 0.13088538893557702, 0.1308387319936639, 0.1308387319936639, 0.1308387319936639, 0.1308067319117437, 0.13075845406441522, 0.13050355941212602, 0.13050355941212602, 0.1303133324388279, 0.1303133324388279, 0.13002674780026463, 0.13002674780026463, 0.13002674780026463, 0.13002674780026463, 0.12978656797923194, 0.12978656797923194, 0.12978656797923194, 0.12973808533755157, 0.12973808533755157, 0.12973808533755157, 0.12973808533755157, 0.12965785763936577, 0.12965785763936577, 0.12965785763936577, 0.12965785763936577, 0.12965785763936577, 0.1296437079168254, 0.1296437079168254, 0.12961155713554412, 0.12943451293373956, 0.12943451293373956, 0.12943451293373956, 0.12943451293373956, 0.12943451293373956, 0.12943451293373956, 0.129290888795019, 0.1292747114979089, 0.12897200076236665, 0.12897200076236665, 0.12897200076236665, 0.1289561779775565, 0.1288759502793707, 0.1288759502793707, 0.1288759502793707, 0.1288759502793707, 0.1288759502793707, 0.1288759502793707, 0.1288759502793707, 0.1288759502793707, 0.1288759502793707, 0.1288759502793707, 0.1288759502793707, 0.1288759502793707, 0.1288759502793707, 0.1288759502793707, 0.12877898308256325, 0.12877898308256325, 0.12877898308256325, 0.1286821182736731], "std": [0.12149495932766136, 0.11147001432666762, 0.10193920944959094, 0.10626430996508686, 0.09398144993545181, 0.08668498680643691, 0.05858147731489062, 0.04028979524408302, 0.040254404279457805, 0.021773067382449798, 0.021773067382449798, 0.01844412135956757, 0.01836886617075734, 0.01827309511753617, 0.006697902972398785, 0.006697902972398785, 0.006527951272164571, 0.006458784613803844, 0.006397206067228313, 0.005512892228678237, 0.005727598566181389, 0.004791896892309527, 0.005033324920108788, 0.005411074188769769, 0.0050167846222817355, 0.0050148237630389106, 0.004699693959096665, 0.004383204475344626, 0.004102876389860635, 0.004141487386172283, 0.003104623792401102, 0.0031258545658143086, 0.0031596171521295503, 0.0030656172418994793, 0.0031239600541733154, 0.0031239600541733154, 0.0029533572771883463, 0.0029533572771883463, 0.0029533572771883463, 0.0028123071210663353, 0.0028123071210663353, 0.0025502955942157002, 0.002528289537869383, 0.002528289537869383, 0.002528289537869383, 0.002510279283547482, 0.0024665298756861476, 0.00244095537423462, 0.00244095537423462, 0.002350029532654027, 0.002350029532654027, 0.0022599603193443063, 0.0022599603193443063, 0.0022599603193443063, 0.0022599603193443063, 0.0021758707518054607, 0.0021758707518054607, 0.0021758707518054607, 0.002112289557014842, 0.002112289557014842, 0.002112289557014842, 0.002112289557014842, 0.002210281486378111, 0.002210281486378111, 0.002210281486378111, 0.002210281486378111, 0.002210281486378111, 0.0021944531876118972, 0.0021944531876118972, 0.0021300188122435728, 0.0021089331673418248, 0.0021089331673418248, 0.0021089331673418248, 0.0021089331673418248, 0.0021089331673418248, 0.0021089331673418248, 0.001985801954545833, 0.0019954567576127603, 0.0019483373647086804, 0.0019483373647086804, 0.0019483373647086804, 0.0019248805301675695, 0.0019991692405669677, 0.0019991692405669677, 0.0019991692405669677, 0.0019991692405669677, 0.0019991692405669677, 0.0019991692405669677, 0.0019991692405669677, 0.0019991692405669677, 0.0019991692405669677, 0.0019991692405669677, 0.0019991692405669677, 0.0019991692405669677, 0.0019991692405669677, 0.0019991692405669677, 0.0019084703031345593, 0.0019084703031345593, 0.0019084703031345593, 0.0018793505757403477], "q10": [0.1382059699365176, 0.1378214666058118, 0.1378214666058118, 0.1352491517628918, 0.13494331988093866, 0.13494331988093866, 0.13494331988093866, 0.13494331988093866, 0.13494331988093866, 0.13390826066062642, 0.13390826066062642, 0.13390826066062642, 0.13390826066062642, 0.13388546525123962, 0.13388546525123962, 0.13388546525123962, 0.13388546525123962, 0.13388546525123962, 0.13388546525123962, 0.13388546525123962, 0.1324874070145131, 0.1324874070145131, 0.132019018080368, 0.12799239749344915, 0.12799239749344915, 0.12799239749344915, 0.12799239749344915, 0.12799239749344915, 0.12799239749344915, 0.12799239749344915, 0.12799239749344915, 0.12799239749344915, 0.12799239749344915, 0.12799239749344915, 0.12799239749344915, 0.12799239749344915, 0.12799239749344915, 0.12799239749344915, 0.12799239749344915, 0.12799239749344915, 0.12799239749344915, 0.12799239749344915, 0.12799239749344915, 0.12799239749344915, 0.12799239749344915, 0.12799239749344915, 0.12799239749344915, 0.12799239749344915, 0.12799239749344915, 0.12799239749344915, 0.12799239749344915, 0.12799239749344915, 0.12799239749344915, 0.12799239749344915, 0.12799239749344915, 0.12799239749344915, 0.12799239749344915, 0.12799239749344915, 0.12799239749344915, 0.12799239749344915, 0.12799239749344915, 0.12799239749344915, 0.12783194209707752, 0.12783194209707752, 0.12783194209707752, 0.12783194209707752, 0.12783194209707752, 0.12783194209707752, 0.12783194209707752, 0.12783194209707752, 0.12783194209707752, 0.12783194209707752, 0.12783194209707752, 0.12783194209707752, 0.12783194209707752, 0.12783194209707752, 0.12783194209707752, 0.12783194209707752, 0.12638784352973287, 0.12638784352973287, 0.12638784352973287, 0.12638784352973287, 0.12638784352973287, 0.12638784352973287, 0.12638784352973287, 0.12638784352973287, 0.12638784352973287, 0.12638784352973287, 0.12638784352973287, 0.12638784352973287, 0.12638784352973287, 0.12638784352973287, 0.12638784352973287, 0.12638784352973287, 0.12638784352973287, 0.12638784352973287, 0.12638784352973287, 0.12638784352973287, 0.12638784352973287, 0.12638784352973287],