{"global_min": 0.20730515284663642, "mean": [0.2786939160929533, 0.25027291524706874, 0.2428051645950328, 0.23394017716581686, 0.22674751521417327, 0.22198951749336215, 0.22194660647571607, 0.22098660095396977, 0.21946875220282433, 0.21946875220282433, 0.21946875220282433, 0.21910027843699337, 0.21899734779952537, 0.21876577222209165, 0.21861144235061913, 0.21845734744707346, 0.2182856446345074, 0.21764293392701894, 0.21731682781550324, 0.21702542352968823, 0.2166224682205879, 0.21633103456378205, 0.21574788822575722, 0.2154476726426843, 0.21523323503841726, 0.2148988609929745, 0.2148988609929745, 0.21472739314833528, 0.21472739314833528, 0.2144875055804883, 0.2138880583425363, 0.21386212375760713, 0.21352760285721004, 0.213364784769379, 0.21330482389153885, 0.21329632098968493, 0.21311630618670555, 0.21301321400878784, 0.21294469148711204, 0.21294469148711204, 0.21291919746704577, 0.2127819027702719, 0.2127819027702719, 0.2127819027702719, 0.21275599755633356, 0.21275599755633356, 0.2124812025658498, 0.21243862931459856, 0.21214723971427904, 0.21214723971427904, 0.21214710754482016, 0.21214710754482016, 0.21204442656077446, 0.21204442656077446, 0.21204442656077446, 0.21180445087995495, 0.21180445087995495, 0.21180445087995495, 0.21153873152564678, 0.21143575683169247, 0.2113846366221011, 0.2112815444441834, 0.2112815444441834, 0.21124726849785005, 0.2111445875138044, 0.2111445875138044, 0.2111445875138044, 0.2111445875138044, 0.2111445875138044, 0.2111445875138044, 0.2110503506896309, 0.2110503506896309, 0.2110503506896309, 0.2110503506896309, 0.2110503506896309, 0.2110503506896309, 0.2109390493197679, 0.2109390493197679, 0.21085322728447572, 0.21071593258770185, 0.21071593258770185, 0.21071593258770185, 0.21071593258770185, 0.21071593258770185, 0.21071593258770185, 0.21045876019173387, 0.21043288434878643, 0.21043288434878643, 0.21043288434878643, 0.2103386475246129, 0.2103386475246129, 0.2103386475246129, 0.2103386475246129, 0.21022730209826362, 0.21022730209826362, 0.21022730209826362, 0.21016717967997373, 0.21016717967997373, 0.21016717967997373, 0.21016717967997373], "std": [0.06333972842215128, 0.024740549447285414, 0.02273866766312386, 0.015671291847957958, 0.013712740715143645, 0.00597415335028368, 0.005983247028509887, 0.005562395087477761, 0.0038478418045173064, 0.0038478418045173064, 0.0038478418045173064, 0.0032350057722744237, 0.003150647355645814, 0.0031212907920949206, 0.0031068263493679643, 0.003268184966285577, 0.0032346243374747822, 0.0027873915441726216, 0.0026867599413184272, 0.0024949269863058384, 0.0023806535649464364, 0.002146565323827374, 0.0023016872836524598, 0.0027295239098891373, 0.0029393735788887927, 0.003228405348884232, 0.003228405348884232, 0.003245528521107357, 0.003245528521107357, 0.0029609528053202985, 0.0028373799012737207, 0.002833782510664939, 0.002877396769923504, 0.002919713887117163, 0.0028933707147614026, 0.0028856632540359885, 0.002640771842276844, 0.002492880945565144, 0.002433151354035506, 0.002433151354035506, 0.0024033335091958245, 0.002417369411159802, 0.002417369411159802, 0.002417369411159802, 0.0023813361223249097, 0.0023813361223249097, 0.0024410394043025046, 0.002455362044584751, 0.002625123524738352, 0.002625123524738352, 0.002625171346483865, 0.002625171346483865, 0.0027014299229058884, 0.0027014299229058884, 0.0027014299229058884, 0.0027325564669044644, 0.0027325564669044644, 0.0027325564669044644, 0.002659626800237757, 0.0027851405291628374, 0.002748287727957807, 0.00279186143910033, 0.00279186143910033, 0.0027315809661309963, 0.002770056850380758, 0.002770056850380758, 0.002770056850380758, 0.002770056850380758, 0.002770056850380758, 0.002770056850380758, 0.002870300608921974, 0.002870300608921974, 0.002870300608921974, 0.002870300608921974, 0.002870300608921974, 0.002870300608921974, 0.002726950495549559, 0.002726950495549559, 0.002592742316773758, 0.0024885386439938866, 0.0024885386439938866, 0.0024885386439938866, 0.0024885386439938866, 0.0024885386439938866, 0.0024885386439938866, 0.0023573413412316118, 0.0023008424749582468, 0.0023008424749582468, 0.0023008424749582468, 0.0023912527211236087, 0.0023912527211236087, 0.0023912527211236087, 0.0023912527211236087, 0.0022066012280099103, 0.0022066012280099103, 0.0022066012280099103, 0.0020662695080578873, 0.0020662695080578873, 0.0020662695080578873, 0.0020662695080578873], "q10": [0.22553164430555228, 0.22415429168918447, 0.21868943701684712, 0.21868943701684712, 0.21584162574308624, 0.21584162574308624, 0.21584162574308624, 0.21584162574308624, 0.2154836521064875, 0.2154836521064875, 0.2154836521064875, 0.2154836521064875, 0.2154836521064875, 0.2154836521064875, 0.2154836521064875, 0.21489526304659426, 0.21489526304659426, 0.21489526304659426, 0.21489526304659426, 0.21489526304659426, 0.21489526304659426, 0.21382213515355156, 0.21364699593505482, 0.21210610564157997, 0.2120174933621561, 0.2110405260931883, 0.2110405260931883, 0.2110405260931883, 0.2110405260931883, 0.2110405260931883, 0.20918988933010652, 0.20918988933010652, 0.20918988933010652, 0.20918988933010652, 0.20918988933010652, 0.20918988933010652, 0.20918988933010652, 0.20918988933010652, 0.20918988933010652, 0.20918988933010652, 0.20918988933010652, 0.20918988933010652, 0.20918988933010652, 0.20918988933010652, 0.20918988933010652, 0.20918988933010652, 0.20918988933010652, 0.20918988933010652, 0.20918988933010652, 0.20918988933010652, 0.20918988933010652, 0.20918988933010652, 0.20918988933010652, 0.20918988933010652, 0.20918988933010652, 0.20918988933010652, 0.20918988933010652, 0.20918988933010652, 0.20918988933010652, 0.20918988933010652, 0.20918988933010652, 0.20918988933010652, 0.20918988933010652, 0.20918988933010652, 0.20918988933010652, 0.20918988933010652, 0.20918988933010652, 0.20918988933010652, 0.20918988933010652, 0.20918988933010652, 0.2090014156817595, 0.2090014156817595, 0.2090014156817595, 0.2090014156817595, 0.2090014156817595, 0.2090014156817595, 0.2090014156817595, 0.2090014156817595, 0.2090014156817595, 0.2090014156817595, 0.2090014156817595, 0.2090014156817595, 0.2090014156817595, 0.2090014156817595, 0.2090014156817595, 0.2090014156817595, 0.2090014156817595, 0.2090014156817595, 0.2090014156817595, 0.20730515284663642, 0.20730515284663642, 0.20730515284663642, 0.20730515284663642, 0.20730515284663642, 0.20730515284663642, 0.20730515284663642, 0.20730515284663642, 0.20730515284663642, 0.20730515284663642, 0.20730515284663642],