{"global_min": 0.12638784352973287, "mean": [0.30559508658111906, 0.253483124504695, 0.2124225968763266, 0.1783816622820343, 0.15955716031394948, 0.1455634490356303, 0.14483495860264173, 0.1435776635437735, 0.1376664740936842, 0.1376664740936842, 0.1376664740936842, 0.13733085140157872, 0.13728384186081236, 0.13636059786914623, 0.13636059786914623, 0.13636059786914623, 0.13611874787453102, 0.1357552710457784, 0.13542041051036785, 0.13457932229222722, 0.1339905930329405, 0.13370613936913936, 0.13359304798262722, 0.1334001858166638, 0.1334001858166638, 0.13295238265596582, 0.13293605078939436, 0.1329040507074742, 0.13266762372951466, 0.13244681859976887, 0.1323041121562728, 0.1323041121562728, 0.1322720618432897, 0.13209821599855778, 0.13208219035753216, 0.1320486727456993, 0.1320486727456993, 0.1320486727456993, 0.13169768416282857, 0.13169768416282857, 0.13169768416282857, 0.13169768416282857, 0.13124992930122953, 0.13124992930122953, 0.1311541821365749, 0.1311400285377618, 0.1311400285377618, 0.1311400285377618, 0.1311400285377618, 0.13080588090939632, 0.13078985526837067, 0.13078985526837067, 0.13078985526837067, 0.13059724522061747, 0.13059724522061747, 0.13059724522061747, 0.13059724522061747, 0.13059724522061747, 0.13056641301399563, 0.13048562503391742, 0.13031187285548917, 0.13031187285548917, 0.13028159415345492, 0.13013620034192186, 0.12991260449332598, 0.1297998145117084, 0.1297998145117084, 0.1297998145117084, 0.1297998145117084, 0.1297998145117084, 0.1297998145117084, 0.1297998145117084, 0.1297998145117084, 0.1297998145117084, 0.1297998145117084, 0.1297998145117084, 0.1297998145117084, 0.1297998145117084, 0.1297998145117084, 0.12971973750671129, 0.12962399034205666, 0.12962399034205666, 0.12941894712482532, 0.12941894712482532, 0.12929115061008337, 0.1292748748013287, 0.12908332830282016, 0.12908332830282016, 0.12898758113816552, 0.12890618556468134, 0.12890618556468134, 0.12890618556468134, 0.12890618556468134, 0.12890618556468134, 0.12890618556468134, 0.12890618556468134, 0.12890618556468134, 0.1288104384000267, 0.1288104384000267, 0.1288104384000267], "std": [0.12232715133208281, 0.10655191343717292, 0.08327092962326861, 0.052397599885193644, 0.04530478570782508, 0.02151106088462702, 0.021613783055582623, 0.021895727789975884, 0.006014297945659572, 0.006014297945659572, 0.006014297945659572, 0.005716489536515009, 0.0057539999002078875, 0.005227077786413527, 0.005227077786413527, 0.005227077786413527, 0.005064964810954447, 0.004597494495434597, 0.004328410198237804, 0.0036336039095195786, 0.0032688410782869817, 0.0031011432970381655, 0.003081333397747933, 0.0030640075315668683, 0.0030640075315668683, 0.0028837828573034774, 0.0028686087685783897, 0.002877405737586592, 0.002723356273965365, 0.002562351214470508, 0.0024950340311193355, 0.0024950340311193355, 0.0025224258825180083, 0.0025595853760521764, 0.0025498281191087945, 0.0025360774153378963, 0.0025360774153378963, 0.0025360774153378963, 0.002809162523845748, 0.002809162523845748, 0.002809162523845748, 0.002809162523845748, 0.002855658136390681, 0.002855658136390681, 0.002988678314796314, 0.002984467181389509, 0.002984467181389509, 0.002984467181389509, 0.002984467181389509, 0.002483971996115675, 0.002454118576832906, 0.002454118576832906, 0.002454118576832906, 0.002492211149586488, 0.002492211149586488, 0.002492211149586488, 0.002492211149586488, 0.002492211149586488, 0.002438008440043965, 0.0023289535803848386, 0.002263174647270886, 0.002263174647270886, 0.002241550393027239, 0.0023331659388921514, 0.002280690168636573, 0.00223517383089502, 0.00223517383089502, 0.00223517383089502, 0.00223517383089502, 0.00223517383089502, 0.00223517383089502, 0.00223517383089502, 0.00223517383089502, 0.00223517383089502, 0.00223517383089502, 0.00223517383089502, 0.00223517383089502, 0.00223517383089502, 0.00223517383089502, 0.0022713335228665707, 0.0023723248791486418, 0.0023723248791486418, 0.0021465630414170054, 0.0021465630414170054, 0.002007864869427527, 0.001989973132892638, 0.002076815273330525, 0.002076815273330525, 0.0021572779471069462, 0.002150521150794229, 0.002150521150794229, 0.002150521150794229, 0.002150521150794229, 0.002150521150794229, 0.002150521150794229, 0.002150521150794229, 0.002150521150794229, 0.0022202973882459107, 0.0022202973882459107, 0.0022202973882459107], "q10": [0.1473504522128901, 0.1463547737878833, 0.13965668189424593, 0.1377301754944211, 0.13314410716674432, 0.13311579980863555, 0.13311579980863555, 0.1303461284405192, 0.12831594343565078, 0.12831594343565078, 0.12831594343565078, 0.12831594343565078, 0.12831594343565078, 0.12831594343565078, 0.12831594343565078, 0.12831594343565078, 0.12831594343565078, 0.12831594343565078, 0.12831594343565078, 0.12831594343565078, 0.12831594343565078, 0.12831594343565078, 0.12831594343565078, 0.12831594343565078, 0.12831594343565078, 0.12831594343565078, 0.12831594343565078, 0.12831594343565078, 0.12831594343565078, 0.12831594343565078, 0.12831594343565078, 0.12831594343565078, 0.12831594343565078, 0.12831594343565078, 0.12831594343565078, 0.12831594343565078, 0.12831594343565078, 0.12831594343565078, 0.12828358884143062, 0.12828358884143062, 0.12828358884143062, 0.12828358884143062, 0.12799239749344915, 0.12799239749344915, 0.12783194209707752, 0.12783194209707752, 0.12783194209707752, 0.12783194209707752, 0.12783194209707752, 0.12783194209707752, 0.12783194209707752, 0.12783194209707752, 0.12783194209707752, 0.12783194209707752, 0.12783194209707752, 0.12783194209707752, 0.12783194209707752, 0.12783194209707752, 0.12783194209707752, 0.12783194209707752, 0.12783194209707752, 0.12783194209707752, 0.12783194209707752, 0.12638784352973287, 0.12638784352973287, 0.12638784352973287, 0.12638784352973287, 0.12638784352973287, 0.12638784352973287, 0.12638784352973287, 0.12638784352973287, 0.12638784352973287, 0.12638784352973287, 0.12638784352973287, 0.12638784352973287, 0.12638784352973287, 0.12638784352973287, 0.12638784352973287, 0.12638784352973287, 0.12638784352973287, 0.12638784352973287, 0.12638784352973287, 0.12638784352973287, 0.12638784352973287, 0.12638784352973287, 0.12638784352973287, 0.12638784352973287, 0.12638784352973287, 0.12638784352973287, 0.12638784352973287, 0.12638784352973287, 0.12638784352973287, 0.12638784352973287, 0.12638784352973287, 0.12638784352973287, 0.12638784352973287, 0.12638784352973287, 0.12638784352973287, 0.12638784352973287, 0.12638784352973287],