{"global_min": 0.1446153846153846, "mean": [0.3356923076923077, 0.29265384615384615, 0.2510769230769231, 0.2192884615384616, 0.19201923076923083, 0.17275000000000001, 0.17078846153846156, 0.16788461538461538, 0.15984615384615383, 0.15984615384615383, 0.15971153846153846, 0.15950000000000003, 0.15940384615384615, 0.1580769230769231, 0.15801923076923077, 0.15790384615384617, 0.15786538461538463, 0.15748076923076923, 0.15688461538461537, 0.15663461538461537, 0.15628846153846152, 0.15586538461538457, 0.15546153846153846, 0.15496153846153846, 0.1544807692307692, 0.15384615384615383, 0.15361538461538463, 0.15317307692307694, 0.1524807692307692, 0.15223076923076925, 0.15194230769230765, 0.15186538461538457, 0.15123076923076922, 0.15119230769230768, 0.15119230769230768, 0.15105769230769234, 0.1508269230769231, 0.1508269230769231, 0.15080769230769234, 0.1505384615384616, 0.15028846153846157, 0.1502115384615385, 0.1502115384615385, 0.15017307692307696, 0.15017307692307696, 0.1500961538461539, 0.14998076923076925, 0.14982692307692308, 0.1495192307692308, 0.1494038461538462, 0.1491538461538462, 0.1491538461538462, 0.1491538461538462, 0.14898076923076928, 0.1489423076923077, 0.1489423076923077, 0.1489038461538462, 0.1489038461538462, 0.1489038461538462, 0.1489038461538462, 0.1489038461538462, 0.14886538461538468, 0.14886538461538468, 0.14863461538461542, 0.14863461538461542, 0.14863461538461542, 0.14863461538461542, 0.14851923076923082, 0.14840384615384622, 0.14840384615384622, 0.14840384615384622, 0.14840384615384622, 0.14840384615384622, 0.14840384615384622, 0.14840384615384622, 0.14840384615384622, 0.14840384615384622, 0.14840384615384622, 0.14840384615384622, 0.14840384615384622, 0.14840384615384622, 0.14826923076923082, 0.14819230769230773, 0.14819230769230773, 0.14819230769230773, 0.14819230769230773, 0.14819230769230773, 0.14819230769230773, 0.14819230769230773, 0.14815384615384616, 0.14815384615384616, 0.14815384615384616, 0.14815384615384616, 0.14815384615384616, 0.14815384615384616, 0.14807692307692313, 0.14807692307692313, 0.14807692307692313, 0.14807692307692313, 0.14807692307692313], "std": [0.11339489568258311, 0.10794727625246966, 0.09452157885642334, 0.06501446488789232, 0.0599577961971663, 0.03243114907128771, 0.03139606319555659, 0.031026128970856565, 0.007927969088287343, 0.007927969088287343, 0.008029914290509236, 0.007884343828640525, 0.0077753363190199805, 0.0057685559659336316, 0.005758120205649543, 0.005796124898847474, 0.0057894046738617986, 0.0051623818976976946, 0.004450320953227223, 0.004242484699417304, 0.004226672657831727, 0.004279030951747941, 0.004791836200901393, 0.004740050472328773, 0.00428157750698299, 0.004371063651593098, 0.0041917597977972326, 0.003776443153294562, 0.00389138384965268, 0.003978688164982251, 0.0039013748385209497, 0.0039089509114694065, 0.003563719044599073, 0.0036077963262888826, 0.0036077963262888826, 0.0033642999987322686, 0.0032832516677140672, 0.0032832516677140672, 0.003277614874421107, 0.0033608847880735905, 0.0034148333617937524, 0.003259929612360668, 0.003259929612360668, 0.0032045276090454976, 0.0032045276090454976, 0.003058841100112853, 0.002919758930847444, 0.002715272216136604, 0.0028994221870912687, 0.003050174727344483, 0.002830738426165781, 0.002830738426165781, 0.002830738426165781, 0.0028572248842609668, 0.0028913551493742725, 0.0028913551493742725, 0.00291388657526824, 0.00291388657526824, 0.00291388657526824, 0.00291388657526824, 0.00291388657526824, 0.002946303946451716, 0.002946303946451716, 0.0030116430351903893, 0.0030116430351903893, 0.0030116430351903893, 0.0030116430351903893, 0.0028978105761350965, 0.0029085377816706896, 0.0029085377816706896, 0.0029085377816706896, 0.0029085377816706896, 0.0029085377816706896, 0.0029085377816706896, 0.0029085377816706896, 0.0029085377816706896, 0.0029085377816706896, 0.0029085377816706896, 0.0029085377816706896, 0.0029085377816706896, 0.0029085377816706896, 0.002874137515681372, 0.0029107453500231634, 0.0029107453500231634, 0.0029107453500231634, 0.0029107453500231634, 0.0029107453500231634, 0.0029107453500231634, 0.0029107453500231634, 0.002858110349161693, 0.002858110349161693, 0.002858110349161693, 0.002858110349161693, 0.002858110349161693, 0.002858110349161693, 0.00293445473690217, 0.00293445473690217, 0.00293445473690217, 0.00293445473690217, 0.00293445473690217], "q10": [0.16992307692307687, 0.16857692307692315, 0.16111538461538466, 0.16065384615384617, 0.15507692307692306, 0.1533461538461539, 0.15230769230769226, 0.15230769230769226, 0.15215384615384608, 0.15215384615384608, 0.15215384615384608, 0.15215384615384608, 0.15215384615384608, 0.15215384615384608, 0.15215384615384608, 0.15215384615384608, 0.15215384615384608, 0.15215384615384608, 0.15215384615384608, 0.15215384615384608, 0.15215384615384608, 0.15076923076923077, 0.15046153846153848, 0.15046153846153848, 0.15046153846153848, 0.14769230769230768, 0.14769230769230768, 0.14769230769230768, 0.1476153846153846, 0.14684615384615385, 0.14684615384615385, 0.14684615384615385, 0.14684615384615385, 0.14684615384615385, 0.14684615384615385, 0.14684615384615385, 0.1461538461538462, 0.1461538461538462, 0.1461538461538462, 0.1461538461538462, 0.1461538461538462, 0.1461538461538462, 0.1461538461538462, 0.1461538461538462, 0.1461538461538462, 0.1461538461538462, 0.1461538461538462, 0.1461538461538462, 0.1461538461538462, 0.1461538461538462, 0.1461538461538462, 0.1461538461538462, 0.1461538461538462, 0.1461538461538462, 0.1461538461538462, 0.1461538461538462, 0.1461538461538462, 0.1461538461538462, 0.1461538461538462, 0.1461538461538462, 0.1461538461538462, 0.1461538461538462, 0.1461538461538462, 0.14600000000000005, 0.14600000000000005, 0.14600000000000005, 0.14600000000000005, 0.14600000000000005, 0.14600000000000005, 0.14600000000000005, 0.14600000000000005, 0.14600000000000005, 0.14600000000000005, 0.14600000000000005, 0.14600000000000005, 0.14600000000000005, 0.14600000000000005, 0.14600000000000005, 0.14600000000000005, 0.14600000000000005, 0.14600000000000005, 0.14600000000000005, 0.14600000000000005, 0.14600000000000005, 0.14600000000000005, 0.14600000000000005, 0.14600000000000005, 0.14600000000000005, 0.14600000000000005, 0.14600000000000005, 0.14600000000000005, 0.14600000000000005, 0.14600000000000005, 0.14600000000000005, 0.14600000000000005, 0.1446153846153846, 0.1446153846153846, 0.1446153846153846, 0.1446153846153846, 0.1446153846153846],